num_faulty_nodes,tput,p50,p95,p99,_notes
,,,,,"num of keys = 1000000000, read ratio = 0.5"
1,66195.44143367058,0.662175743,0.944766975,1.020788735
3,69426.56820870585,0.756547583,1.044381695,1.131413503
8,70926.3712975311,0.924844031,1.275068415,1.402994687
13,70039.68802582363,0.994050047,1.343225855,1.4889779189999999
