num_faulty_nodes,tput,p50,p95,p99,_notes
,,,,,"num of keys = 100000000, read ratio = 0.5"
1,21844.041450606208,0.008314879,0.013361151,0.015597567
2,20034.352210859757,0.007962623,0.012099583,0.014073855
3,18701.10291763822,0.009142271,0.013606911,0.015417343
