num_faulty_nodes,tput,p50,p95,p99,_notes
,,,,,"num of keys = 100000000, read ratio = 0.5"
1,26630.49976056394,0.013811711,0.022708223,0.025755647
3,21753.733832596023,0.017694719,0.026935295,0.029425663
8,18733.98850181714,0.027033599,0.034635775,0.039092223
13,17277.648106285647,0.025460735,0.031342591,0.035487743
